abdala,عبد الله
abdalla,عبد الله
abdallah,عبد الله
abdelaziz,عبد العزيز
abdelhai,عبد الحي
abdelrahman,عبد الرحمن
abdelrhman,عبد الرحمن
abdo,ﻊﺑﺪه
abdullah,عبد الله
abdulrahman,عبد الرحمن
ahmad,أحمد
ahmed,أحمد
alaa,علاء
ameer,أميير
amer,عامر
amir,أمير
amr,عمرو
anas,انس
ashraf,أشرف
ayman,أيمن
elsaeed,السعيد
elsaid,سعيد
eslam,إسلام
fady,فادي
foad,فؤاد
hisham,هشام
islam,إسلام
khaled,خالد
maged,ماجد
mahmoud,محمود
marei,ﻡﺮﻌﻳ
mhmd,محمد
mohamed,محمد
mohammed,محمد
mostafa,مصطفى
muhammad,محمد
nader,نادر
omar,عمر
osama,أسامة
ramadan,رمضان
said,سعيج
salah,صلاح
shady,شادي
yousef,يوسف
yousuf,يوسق
